ID,Name,Price,Brand,Rating,Total Ratings,Cleaned_Price,Updated_rating,Brand,Device Name
1,Redmi Note 12 (8GB-128GB) PTA Approved With Official 1 Year Warranty,"Rs. 51,999",Xiaomi,None,None,51999,,Redmi,redmi note 12
2,Redmi note 12 8GB RAM -128GB ROM PTA APPROVED OFFICIAL WARRANTY SUPER FAST CHARGING,"Rs. 50,499
Rs. 51,999-3%",Redmi,None,None,50499,,Redmi,redmi note 12
3,Redmi A2+ 3GB - 64GB 5000mAh 10W fast charging 6.52” HD+ Dot Drop display PTA Approved system active,"Rs. 19,699
Rs. 19,999-2%",Redmi,None,None,19699,,Redmi,redmi a2+
4,Redmi 12C 4GB RAM + 128GB ROM PTA Approved Mobile Phone with 1 Year Brand Warranty,"Rs. 29,999
Rs. 49,999-40%",No Brand,"4.8
Top Rated",74 ratings,29999,4.8,Redmi,redmi 12c
5,"Redmi 12C - 6.71"" Inch Display - 4GB RAM","Rs. 25,990",No Brand,"4.5
Top Rated",68 ratings,25990,4.5,Redmi,redmi 12c
6,Redmi A2+ || 3GB Ram 64GB Rom || 5000mAh Battery Xiaomi Redmi A2 Plus,"Rs. 19,999",No Brand,None,None,19999,,Redmi,redmi a2+
7,"Redmi 12C, 4GB RAM 128GB ROM , 50 MP Al Dual Camera , Finger Sensor , 5000 mAh Battery , Fast Charging","Rs. 29,999
Rs. 39,999-25%",No Brand,None,None,29999,,Redmi,redmi 12c
8,Xiaomi Redmi Note 12 || 8GB Ram 128GB Rom || 5000mAh Battery 33W Fast Charger,"Rs. 50,399",No Brand,"4.8
Top Rated",61 ratings,50399,4.8,Xiaomi,redmi note 12
9,Redmi 12C || 4GB Ram 128GB Rom || 6.71 Inches IPS Display || 5000 mAh - Battery charging 10W wired,"Rs. 28,999
Rs. 36,999-22%",No Brand,"4.9
Top Rated",34 ratings,28999,4.9,Redmi,redmi 12c
10,Redmi 12 || 8GB Ram 128GB Rom || 5000mAh Battery,"Rs. 42,999",No Brand,"4.7
Excellent",28 ratings,42999,4.7,Redmi,redmi 12
11,"Redmi A2 Plus , 3GB RAM 64GB ROM , 8MP Main Camera , Fingerprint , 5000mAh Fast Charging","Rs. 20,999
Rs. 28,000-25%",No Brand,"4.5
Excellent",36 ratings,20999,4.5,Redmi,redmi a2
12,"Redmi Note 12 8GB Ram 128GB Rom, Display Size 6.67 Inches, Battery Capacity 5000 mAh , Fast charging 33W","Rs. 49,999
Rs. 68,999-28%",No Brand,"4.7
Excellent",11 ratings,49999,4.7,Redmi,redmi note 12
13,Redmi 10C || 4GB Ram 64GB Rom || 5000mAh Battery,"Rs. 45,999
Rs. 50,000-8%",No Brand,"3.9
Good",7 ratings,45999,3.9,Redmi,redmi 10c
14,"Xiaomi Redmi 10A | Display 6.53"" | Back Camera 13 MP | Selfi Camera 5 MP | RAM 3 GB | ROM 64 GB | BATTERY 5000 mAh","Rs. 26,499
Rs. 35,000-24%",No Brand,None,None,26499,,Xiaomi,redmi 10a
15,REDMI NOT12 -8GB RAM 128GB ROM - 5000 mAh Battery,"Rs. 51,999
Rs. 53,999-4%",No Brand,None,None,51999,,REDMI,redmi not12
16,"Xiaomi Redmi Note 12 RAM 8 GB ROM 256 Front Camera 13 MP Back Camera 50 MP + 8 MP + 2 MP Battery Type Li-Po 5000 mAh, non-removable","Rs. 66,980
Rs. 70,000-4%",No Brand,None,None,66980,,Xiaomi,redmi note 12
17,"Redmi Note 12 Pro , 8GB Ram 256GB Rom , 6.67 Inches AMOLED Display || 5000 mAh - Fast charging 67W","Rs. 89,999",No Brand,"5.0
Excellent",1 ratings,89999,5,Redmi,redmi note 12
18,Xiaomi Redmi 12 RAM 4 GB ROM 128 GB Front Camera 8 MP Back Camera 50 MP + 8 MP + 2 MP Battery Type 5000 mAh,"Rs. 38,999",No Brand,None,None,38999,,Xiaomi,redmi 12
19,Redmi Note 12S - 8GB RAM 256GB ROM - 6.43 Inches Display - 5000mAh Battery,"Rs. 75,999
Rs. 77,000-1%",No Brand,None,None,75999,,Redmi,redmi note 12s
20,"Redmi 12C, 4GB RAM 128GB ROM , 50 MP Al Dual Camera , Finger Sensor , 5000 mAh Battery , Fast Charging","Rs. 29,999
Rs. 39,999-25%",No Brand,None,None,29999,,Redmi,redmi 12c
21,REDMI POCO X5 PRO - 8GB RAM 26GB ROM - 5000 mAh Battery,"Rs. 114,999",No Brand,None,None,114999,,REDMI,redmi poco x5
22,Redmi Note 12S - 8GB RAM 256GB ROM - 6.43 Inches Display - AMOLED LCD - Dual SIM - 5000mAh Battery,"Rs. 75,999
Rs. 78,000-3%",No Brand,None,None,75999,,Redmi,redmi note 12s
23,"Xiaomi Redmi Note 12 RAM 8 GB ROM 128 Front Camera 13 MP Back Camera 50 MP + 8 MP + 2 MP Battery Type Li-Po 5000 mAh, non-removable","Rs. 51,999
Rs. 54,000-4%",No Brand,None,None,51999,,Xiaomi,redmi note 12
24,"Xiaomi Redmi Note 12 Pro RAM 8 GB ROM 256 GB Front Camera 16 MP Back Camera 108 MP + 08 MP + 02 MP Battery Type Li-Po 5000 mAh, non-removable","Rs. 88,880
Rs. 110,000-19%",No Brand,None,None,88880,,Xiaomi,redmi note 12
25,Redmi A1 Plus 6.52 Inch Display 2GB RAM 32GB ROM BRAND WARRANTY,"Rs. 17,999
Rs. 32,999-45%",No Brand,"5.0
Excellent",5 ratings,17999,5,Redmi,redmi a1
26,Redmi 12C 4GB RAM + 128GB ROM PTA Approved Mobile Phone with 1 Year Brand Warranty,"Rs. 29,990
Rs. 30,000-0%",No Brand,None,None,29990,,Redmi,redmi 12c
27,Redmi Note 12 (8GB+128GB) 6.67'' AMOLED display PTA Approved 1 Year Official Warranty,"Rs. 50,999
Rs. 64,999-22%",No Brand,None,None,50999,,Redmi,redmi note 12
28,"Xiaomi Redmi Note 12 Pro RAM 8 GB ROM 256 GB Front Camera 16 MP Back Camera 108 MP + 08 MP + 02 MP Battery Type Li-Po 5000 mAh, non-removable","Rs. 95,000
Rs. 110,000-14%",No Brand,None,None,95000,,Xiaomi,redmi note 12
29,"Redmi Note 12 - 6.67"" Inch Display - 8GB RAM - 128GB / 256GB ROM","Rs. 50,950",No Brand,"3.9
Good",8 ratings,50950,3.9,Redmi,redmi note 12
30,"Redmi Note 12 Pro - 6.67"" Inch Display - 8GB RAM - 256GB ROM","Rs. 88,799",No Brand,None,None,88799,,Redmi,redmi note 12
31,"Redmi Note 12 Pro , 8GB Ram 256GB Rom , 6.67 Inches AMOLED Display || 5000 mAh - Fast charging 67W","Rs. 88,999
Rs. 94,999-6%",No Brand,None,None,88999,,Redmi,redmi note 12
32,"Redmi A2 Plus , 3GB RAM 64GB ROM , 8MP Main Camera , Fingerprint , 5000mAh Fast Charging","Rs. 21,999
Rs. 24,999-12%",No Brand,"5.0
Excellent",1 ratings,21999,5,Redmi,redmi a2
33,Redmi Note 12 || 8GB Ram 128GB Rom || 6.67 Inches AMOLED Display || 5000 mAh - Fast charging 33W wired ||,"Rs. 50,449
Rs. 63,999-21%",No Brand,None,None,50449,,Redmi,redmi note 12
34,"Redmi A2 Plus || 3GB + 64GB || 6.5 IPS Display || Battery (Li-ion Non removable), 5000 mAh","Rs. 20,499
Rs. 25,999-21%",No Brand,None,None,20499,,Redmi,redmi a2
35,Xiaomi Redmi 12 RAM 8 GB ROM 128 GB Front Camera 8 MP Back Camera 50 MP + 8 MP + 2 MP Battery Type 5000 mAh,"Rs. 44,980
Rs. 60,000-25%",No Brand,None,None,44980,,Xiaomi,redmi 12
36,"Redmi 12 , 8GB RAM 128GB ROM , 50 MP Main Camera , Fingerprint , 5000mAh Fast Charging","Rs. 44,999
Rs. 51,999-13%",No Brand,None,None,44999,,Redmi,redmi 12
37,Redmi 12 - 8GB RAM 128GB ROM - Dual SIM - 5000mAh Battery,"Rs. 44,999
Rs. 50,000-10%",No Brand,None,None,44999,,Redmi,redmi 12
38,"Xiaomi Redmi Note 12S , 8GB RAM 256GB ROM , 108 MP Main Camera , Fingerprint , 5000mAh Battery","Rs. 78,499
Rs. 81,999-4%",No Brand,None,None,78499,,Xiaomi,redmi note 12s
39,Redmi A1+ || 2GB Ram 32GB Rom || 5000mAh Battery || Fingerprint,"Rs. 20,999
Rs. 35,000-40%",No Brand,"5.0
Excellent",25 ratings,20999,5,Redmi,redmi a1+
40,"Redmi 12 , 4GB RAM 128GB ROM , 50 MP Main Camera , Fingerprint , 5000mAh Fast Charginge","Rs. 38,999
Rs. 44,999-13%",No Brand,"5.0
Excellent",1 ratings,38999,5,Redmi,redmi 12
41,"Redmi Note 12S (8GB+256GB) 6.43"" 90Hz FHD+ Super AMOLED Display PTA Approved 1 Year Official Warranty","Rs. 73,999
Rs. 75,000-1%",No Brand,"5.0
Excellent",1 ratings,73999,5,Redmi,redmi note 12s
42,"Xiaomi Redmi Note 12S , 8GB RAM 256GB ROM , 108 MP Main Camera , Fingerprint , 5000mAh Battery","Rs. 75,999
Rs. 81,999-7%",No Brand,"5.0
Excellent",1 ratings,75999,5,Xiaomi,redmi note 12s
43,Redmi 12 - 8GB RAM 128GB ROM - 6.79 Inches Display - IPS LCD - Dual SIM - 5000mAh Battery,"Rs. 44,999
Rs. 47,000-4%",No Brand,None,None,44999,,Redmi,redmi 12
44,"Redmi 12 , 4GB RAM 128GB ROM , 50 MP Main Camera , Fingerprint , 5000mAh Fast Charging","Rs. 38,999
Rs. 44,999-13%",No Brand,None,None,38999,,Redmi,redmi 12
45,Xiaomi Redmi 12 RAM 8 GB ROM 128 GB Front Camera 8 MP Back Camera 50 MP + 8 MP + 2 MP Battery Type 5000 mAh,"Rs. 45,999",No Brand,None,None,45999,,Xiaomi,redmi 12
46,Redmi Note 12S - 8GB RAM 256GB ROM - Dual SIM - 5000mAh Battery,"Rs. 76,999
Rs. 78,000-1%",No Brand,None,None,76999,,Redmi,redmi note 12s
47,"Redmi 12 - 6.79"" Inch Display - 4GB RAM - 128GB ROM","Rs. 38,399",No Brand,None,None,38399,,Redmi,redmi 12
48,"Xiaomi Redmi Note 12 Pro RAM 8 GB ROM 256 GB Front Camera 16 MP Back Camera 108 MP + 08 MP + 02 MP Battery Type Li-Po 5000 mAh, non-removable","Rs. 95,000
Rs. 110,000-14%",No Brand,None,None,95000,,Xiaomi,redmi note 12
49,"Redmi Note 12S , 8GB Ram 256GB Rom , 6.43 Inches IPS Display , 5000 mAh - Fast charging 33W","Rs. 74,999
Rs. 79,999-6%",No Brand,"5.0
Excellent",2 ratings,74999,5,Redmi,redmi note 12s
50,Redmi A2+ 3Gb 64Gb - 6.52” HD+ Display - 5000mAh Battery - PTA Approved 1 Year Official Warranty,"Rs. 20,000
Rs. 24,999-20%",No Brand,"4.8
Excellent",17 ratings,20000,4.8,Redmi,redmi a2+
51,"Redmi Note 12 8GB Ram 128GB Rom, Display Size 6.67 Inches, Battery Capacity 5000 mAh , Fast charging 33W","Rs. 52,499
Rs. 59,999-13%",No Brand,None,None,52499,,Redmi,redmi note 12
52,"Xiaomi Redmi Note 12 RAM 8 GB ROM 256 Front Camera 13 MP Back Camera 50 MP + 8 MP + 2 MP Battery Type Li-Po 5000 mAh, non-removable","Rs. 61,480
Rs. 80,000-23%",No Brand,"5.0
Excellent",1 ratings,61480,5,Xiaomi,redmi note 12
53,REDMI POCO X5 PRO - 8GB RAM 26GB ROM - 5000 mAh Battery,"Rs. 114,999",No Brand,None,None,114999,,REDMI,redmi poco x5
54,"Xiaomi Redmi Note 12 Pro RAM 8 GB ROM 256 GB Front Camera 16 MP Back Camera 108 MP + 08 MP + 02 MP Battery Type Li-Po 5000 mAh, non-removable","Rs. 94,990
Rs. 94,999-0%",No Brand,"5.0
Excellent",1 ratings,94990,5,Xiaomi,redmi note 12
55,"Redmi A2 Plus , 3GB RAM 64GB ROM , 8MP Main Camera , Fingerprint , 5000mAh Fast Charging","Rs. 19,999
Rs. 28,000-29%",No Brand,"5.0
Excellent",2 ratings,19999,5,Redmi,redmi a2
56,Redmi A1 Plus Mobile Phone 2GB + 32GB 1 YEAR BRAND OFFICIAL WARRANTY PTA APPROVED,"Rs. 23,000
Rs. 35,000-34%",No Brand,None,None,23000,,Redmi,redmi a1
57,"Redmi A1 Plus - 6.52"" Inch Display - 3GB RAM - 32GB ROM","Rs. 20,999",No Brand,None,None,20999,,Redmi,redmi a1
58,Redmi Note 12 8 GB RAM + 256GB ROM PTA Approved Mobile Phone with 1 Year Brand Warranty,"Rs. 65,000",No Brand,None,None,65000,,Redmi,redmi note 12
59,"Redmi Note 12 Pro - 8GB RAM 256GB ROM - 6.67"" SuperAmoled Display - 5000mAh Battery","Rs. 90,999
Rs. 105,000-13%",No Brand,None,None,90999,,Redmi,redmi note 12
60,"Redmi 10A - 6.53"" Inch Display - 3GB RAM - 64GB ROM","Rs. 24,999",No Brand,None,None,24999,,Redmi,redmi 10a
61,Redmi 12C 4GB RAM + 64GB ROM PTA Approved Mobile Phone with 1 Year Brand Warranty,"Rs. 30,000
Rs. 39,999-25%",No Brand,None,None,30000,,Redmi,redmi 12c
62,Redmi Note 12 || 6GB Ram 128GB Rom || 6.67 Inches AMOLED Display || 5000 mAh - Fast charging 33W wired ||,"Rs. 58,999
Rs. 59,999-2%",No Brand,"5.0
Excellent",4 ratings,58999,5,Redmi,redmi note 12
63,"Xiaomi Redmi 10 C RAM 4 GB ROM 128 GB Camera Front 5 MP Back 50 MP +2 MP Fingerprint Gaming,Camera,Battery Life 5000 mAh","Rs. 49,990
Rs. 59,999-17%",Redmi,"5.0
Excellent",18 ratings,49990,5,Xiaomi,redmi 10
64,Xiaomi Redmi Note 12 S RAM 8 GB ROM 256 GB Front Camera 16 MP Back Camera 108 MP + 8 MP + 2 MP Battery Type 5000 mAh,"Rs. 74,999
Rs. 90,000-17%",No Brand,None,None,74999,,Xiaomi,redmi note 12
65,Redmi 10C || 4GB Ram 128GB Rom || 6.71 Inches IPS Display || 5000 mAh - Fast charging 18W,"Rs. 48,999
Rs. 54,999-11%",Redmi,None,None,48999,,Redmi,redmi 10c
66,REDMI 12 - 8GB RAM 128GB ROM - 5000 mAh Battery,"Rs. 43,999",No Brand,None,None,43999,,REDMI,redmi 12
67,Xiaomi Redmi Note 12 S RAM 8 GB ROM 256 GB Front Camera 16 MP Back Camera 108 MP + 8 MP + 2 MP Battery Type 5000 mAh,"Rs. 74,880
Rs. 75,000-0.2%",No Brand,None,None,74880,,Xiaomi,redmi note 12
68,"Redmi A2 Plus , 3GB RAM 64GB ROM , 8MP Main Camera , Fingerprint , 5000mAh Fast Charging","Rs. 21,999
Rs. 24,999-12%",No Brand,None,None,21999,,Redmi,redmi a2
69,REDMI 12C - 4GB RAM + 64GB ROM - 5000 mAh Battery,"Rs. 26,999",No Brand,None,None,26999,,REDMI,redmi 12c
70,Redmi Note 12 Pro 8GBRAM0-256GB ROM PTA APPROVED OFFICIAL BRAND WARRANTY,"Rs. 89,299
Rs. 89,999-0.8%",Redmi,None,None,89299,,Redmi,redmi note 12
71,"Redmi 10A - 6.53"" Inch Display - 4GB RAM - 128GB ROM","Rs. 32,950",No Brand,None,None,32950,,Redmi,redmi 10a
72,"Redmi Note 12 8GB Ram 128GB Rom, Display Size 6.67 Inches, Battery Capacity 5000 mAh , Fast charging 33W","Rs. 50,999
Rs. 61,999-18%",No Brand,None,None,50999,,Redmi,redmi note 12
73,Xiaomi Redmi 12 RAM 4 GB ROM 128 GB Front Camera 8 MP Back Camera 50 MP + 8 MP + 2 MP Battery Type 5000 mAh,"Rs. 37,999
Rs. 38,000-0%",No Brand,None,None,37999,,Xiaomi,redmi 12
74,REDMI NOTE 12S = 8GB RAM + 256GB ROM = 5000 mAh Battery,"Rs. 77,599",No Brand,None,None,77599,,REDMI,redmi note 12s
75,Xiaomi Redmi Pad SE 8GB Ram 256GB Rom 11 Inches FHD+ display 8000 mAh Battery Snapdragon® 680,"Rs. 67,999
Rs. 74,999-9%",No Brand,"5.0
Excellent",1 ratings,67999,5,Xiaomi,redmi pad
76,"Xiaomi Redmi Note 12 RAM 8 GB ROM 256 Front Camera 13 MP Back Camera 50 MP + 8 MP + 2 MP Battery Type Li-Po 5000 mAh, non-removable","Rs. 69,980
Rs. 80,000-13%",No Brand,None,None,69980,,Xiaomi,redmi note 12
77,Redmi Note 12s || 8GB Ram 256GB Rom || 5000mAh Battery,"Rs. 74,999",No Brand,None,None,74999,,Redmi,redmi note 12s
78,Redmi 10C || 4GB Ram 128GB Rom || 5000mAh Battery,"Rs. 55,000",No Brand,"4.4
Very Good",38 ratings,55000,4.4,Redmi,redmi 10c
79,Redmi 10C || 4GB Ram 64GB Rom || 6.71 Inches IPS Display || 5000 mAh - Fast charging 18W,"Rs. 42,499
Rs. 44,999-6%",No Brand,"4.9
Excellent",12 ratings,42499,4.9,Redmi,redmi 10c
80,"Xiaomi Redmi Note 12 S || 8GB + 256GB || 6.43"" AMOLED Display || Long-Lasting 5000 mah Battery","Rs. 74,999
Rs. 76,999-3%",No Brand,None,None,74999,,Xiaomi,redmi note 12
81,"Xiaomi Redmi Note 12 RAM 8 GB ROM 256 Front Camera 13 MP Back Camera 50 MP + 8 MP + 2 MP Battery Type Li-Po 5000 mAh, non-removable","Rs. 66,980
Rs. 70,000-4%",No Brand,None,None,66980,,Xiaomi,redmi note 12
82,"Redmi Note 12 Pro , 8GB Ram 256GB Rom , 6.67 Inches AMOLED Display || 5000 mAh - Fast charging 67W","Rs. 89,999",No Brand,None,None,89999,,Redmi,redmi note 12
83,Xiaomi Redmi 12 RAM 4 GB ROM 128 GB Front Camera 8 MP Back Camera 50 MP + 8 MP + 2 MP Battery Type 5000 mAh,"Rs. 38,999",No Brand,None,None,38999,,Xiaomi,redmi 12
84,Redmi Note 12S - 8GB RAM 256GB ROM - 6.43 Inches Display - 5000mAh Battery,"Rs. 75,999
Rs. 77,000-1%",No Brand,None,None,75999,,Redmi,redmi note 12s
85,Xiaomi Redmi A 2 Plus RAM 3 GB ROM 64 GB Front Camera 5 MP Back Camera 8 MP Battery Type 5000 mAh,"Rs. 20,499
Rs. 30,000-32%",No Brand,None,None,20499,,Xiaomi,redmi a
86,"Redmi 12C, 4GB RAM 128GB ROM , 50 MP Al Dual Camera , Finger Sensor , 5000 mAh Battery , Fast Charging","Rs. 29,999
Rs. 39,999-25%",No Brand,None,None,29999,,Redmi,redmi 12c
87,"Xiaomi Redmi Note 12 RAM 8 GB ROM 128 Front Camera 13 MP Back Camera 50 MP + 8 MP + 2 MP Battery Type Li-Po 5000 mAh, non-removable","Rs. 51,280
Rs. 51,480-0.4%",No Brand,None,None,51280,,Xiaomi,redmi note 12
88,Redmi 12C 4GB RAM + 128GB ROM PTA Approved Mobile Phone with 1 Year Brand Warranty,"Rs. 29,990
Rs. 30,000-0%",No Brand,None,None,29990,,Redmi,redmi 12c
89,Redmi A1 Plus 6.52 Inch Display 2GB RAM 32GB ROM,"Rs. 23,388
Rs. 35,000-33%",Redmi,"4.8
Excellent",17 ratings,23388,4.8,Redmi,redmi a1
90,Redmi 12C || 4GB Ram 64GB Rom || 5000mAh Battery,"Rs. 25,999",No Brand,None,None,25999,,Redmi,redmi 12c
91,Redmi 12C 4GB RAM + 128GB ROM PTA Approved Mobile Phone with 1 Year Brand Warranty,"Rs. 29,990
Rs. 30,000-0%",No Brand,None,None,29990,,Redmi,redmi 12c
92,Redmi Note 12 (8GB+128GB) 6.67'' AMOLED display PTA Approved 1 Year Official Warranty,"Rs. 50,999
Rs. 64,999-22%",No Brand,"4.5
Excellent",17 ratings,50999,4.5,Redmi,redmi note 12
93,"Xiaomi Redmi Note 12 Pro RAM 8 GB ROM 256 GB Front Camera 16 MP Back Camera 108 MP + 08 MP + 02 MP Battery Type Li-Po 5000 mAh, non-removable","Rs. 95,000
Rs. 110,000-14%",No Brand,"5.0
Excellent",21 ratings,95000,5,Xiaomi,redmi note 12
94,"Redmi Note 12 Pro - 6.67"" Inch Display - 8GB RAM - 256GB ROM","Rs. 88,799",No Brand,None,None,88799,,Redmi,redmi note 12
95,"Redmi A2 Plus - 6.52"" Inch Display - 3GB RAM - 64GB ROM","Rs. 20,850",No Brand,"4.5
Excellent",12 ratings,20850,4.5,Redmi,redmi a2
96,"Xiaomi Redmi Note 12 RAM 8 GB ROM 256 Front Camera 13 MP Back Camera 50 MP + 8 MP + 2 MP Battery Type Li-Po 5000 mAh, non-removable","Rs. 69,980
Rs. 80,000-13%",No Brand,None,None,69980,,Xiaomi,redmi note 12
97,REDMI 10A MOBILE PHONE 3GB RAM 64GB ROM || 6.53” HD+ Dot Drop display|| MediaTek Helio G25 || ONE YEAR BRAND WARRANTY,"Rs. 22,999
Rs. 29,000-21%",No Brand,"5.0
Excellent",1 ratings,22999,5,REDMI,redmi 10a
98,Xiaomi Redmi A 2 Plus RAM 3 GB ROM 64 GB Front Camera 5 MP Back Camera 8 MP Battery Type 5000 mAh,"Rs. 22,880
Rs. 30,000-24%",No Brand,"5.0
Excellent",2 ratings,22880,5,Xiaomi,redmi a
99,Xiaomi Redmi Note 12 S RAM 8 GB ROM 256 GB Front Camera 16 MP Back Camera 108 MP + 8 MP + 2 MP Battery Type 5000 mAh,"Rs. 79,980
Rs. 80,000-0%",No Brand,None,None,79980,,Xiaomi,redmi note 12
100,"Redmi 12 , 4GB RAM 128GB ROM , 50 MP Main Camera , Fingerprint , 5000mAh Fast Charginge","Rs. 40,999
Rs. 44,999-9%",No Brand,None,None,40999,,Redmi,redmi 12
101,Xiaomi Redmi A1 Plus RAM 2GB ROM 32GB,"Rs. 25,000
Rs. 36,999-32%",No Brand,None,None,25000,,Xiaomi,redmi a1
102,"Redmi Note 12 Pro , 8GB RAM 256GB ROM , 108MP Main Camera , Finger Sensor , 5000mAh Fast Charging","Rs. 92,999
Rs. 112,000-17%",No Brand,None,None,92999,,Redmi,redmi note 12
103,Redmi 10A || 4GB Ram 128GB Rom || 5000mAh Battery,"Rs. 50,000",No Brand,"4.7
Excellent",21 ratings,50000,4.7,Redmi,redmi 10a
104,"Redmi Note 12 Pro - 8GB RAM 256GB ROM - 6.67"" SuperAmoled Display - 5000mAh Battery","Rs. 91,499
Rs. 105,000-13%",No Brand,None,None,91499,,Redmi,redmi note 12
105,"Xiaomi Redmi Note 12 RAM 8 GB ROM 128 Front Camera 13 MP Back Camera 50 MP + 8 MP + 2 MP Battery Type Li-Po 5000 mAh, non-removable","Rs. 52,500
Rs. 90,000-42%",No Brand,"4.8
Excellent",5 ratings,52500,4.8,Xiaomi,redmi note 12
106,Xiaomi Redmi 10A - 3GB RAM 64GB ROM - 6.53 Inches Display - IPS LCD - 5000mAh Battery,"Rs. 31,499
Rs. 32,000-2%",No Brand,None,None,31499,,Xiaomi,redmi 10a
107,Xiaomi Redmi 12 RAM 8 GB ROM 128 GB Front Camera 8 MP Back Camera 50 MP + 8 MP + 2 MP Battery Type 5000 mAh,"Rs. 49,780
Rs. 60,000-17%",No Brand,None,None,49780,,Xiaomi,redmi 12
108,Xiaomi Redmi 12 RAM 8 GB ROM 128 GB Front Camera 8 MP Back Camera 50 MP + 8 MP + 2 MP Battery Type 5000 mAh,"Rs. 45,890
Rs. 45,999-0.2%",No Brand,None,None,45890,,Xiaomi,redmi 12
109,"Xiaomi Redmi Note 12 RAM 6 GB ROM 128 Front Camera 13 MP Back Camera 50 MP + 8 MP + 2 MP Battery Type Li-Po 5000 mAh, non-removable","Rs. 59,980
Rs. 70,000-14%",Redmi,None,None,59980,,Xiaomi,redmi note 12
110,Xiaomi Redmi A1 Plus RAM 2GB ROM 32GB,"Rs. 23,990
Rs. 37,999-37%",No Brand,"5.0
Excellent",5 ratings,23990,5,Xiaomi,redmi a1
111,Xiaomi Redmi A 1+ RAM 3 GB ROM 32 GB Front Camera 5 MP Back Camera 8 MP + 0.08 MP (QVGA) RAM 3 GB ROM 32 GB,"Rs. 28,990
Rs. 39,999-28%",No Brand,None,None,28990,,Xiaomi,redmi a
112,Xiaomi Redmi Note 12 S RAM 8 GB ROM 256 GB Front Camera 16 MP Back Camera 108 MP + 8 MP + 2 MP Battery Type 5000 mA,"Rs. 79,980
Rs. 90,000-11%",No Brand,None,None,79980,,Xiaomi,redmi note 12
113,Redmi A1 Plus || 2GB Ram 32GB Rom || 6.52 Inches IPS Display || 5000 mAh- Battery charging 10W,"Rs. 23,999
Rs. 26,999-11%",No Brand,None,None,23999,,Redmi,redmi a1
114,"Redmi Note 12S , 8GB Ram 256GB Rom , 6.43 Inches IPS Display , 5000 mAh - Fast charging 33W","Rs. 74,999
Rs. 79,999-6%",No Brand,"5.0
Excellent",2 ratings,74999,5,Redmi,redmi note 12s
115,Redmi A2+ 3Gb 64Gb - 6.52” HD+ Display - 5000mAh Battery - PTA Approved 1 Year Official Warranty,"Rs. 20,000
Rs. 24,999-20%",No Brand,None,None,20000,,Redmi,redmi a2+
116,Redmi Note 12S - 8GB RAM 256GB ROM - 6.43 Inches Display - AMOLED LCD - Dual SIM - 5000mAh Battery,"Rs. 75,999
Rs. 78,000-3%",No Brand,None,None,75999,,Redmi,redmi note 12s
117,Redmi Note 12 Pro - 8GB Ram 256GB Rom - 5000mAh Battery,"Rs. 88,999",No Brand,"4.8
Excellent",4 ratings,88999,4.8,Redmi,redmi note 12
118,Redmi A1 Plus 6.52 Inch Display 2GB RAM 32GB ROM BRAND WARRANTY,"Rs. 17,999
Rs. 32,999-45%",No Brand,"5.0
Excellent",5 ratings,17999,5,Redmi,redmi a1
119,"Redmi 12C, 4GB RAM 128GB ROM , 50 MP Al Dual Camera , Finger Sensor , 5000 mAh Battery , Fast Charging","Rs. 28,999
Rs. 38,999-26%",No Brand,None,None,28999,,Redmi,redmi 12c
120,"Redmi Note 12 - 6.67"" Inch Display - 8GB RAM - 128GB / 256GB ROM","Rs. 50,950",No Brand,None,None,50950,,Redmi,redmi note 12
121,"Redmi Note 12 Pro - 6.67"" Inch Display - 8GB RAM - 256GB ROM","Rs. 88,799",No Brand,"3.9
Good",7 ratings,88799,3.9,Redmi,redmi note 12
122,Xiaomi Redmi 12 RAM 4 GB ROM 128 GB Front Camera 8 MP Back Camera 50 MP + 8 MP + 2 MP Battery Type 5000 mAh,"Rs. 37,999
Rs. 54,999-31%",No Brand,None,None,37999,,Xiaomi,redmi 12
123,Redmi Note 12 - 8GB RAM 128GB/256GB ROM - 6.67 Display - Dual SIM - 5000mAh Battery,"Rs. 54,499
Rs. 65,000-16%",No Brand,"5.0
Excellent",2 ratings,54499,5,Redmi,redmi note 12
124,Xiaomi Redmi 10 A RAM 4 GB ROM 128 GB CAMERA Front 5 MP Back 13 MP Battery 5000 mah,"Rs. 34,000
Rs. 35,000-3%",No Brand,"5.0
Excellent",7 ratings,34000,5,Xiaomi,redmi 10
125,"Xiaomi Redmi 10A | Display 6.53"" | Back Camera 13 MP | Selfi Camera 5 MP | RAM 3 GB | ROM 64 GB | BATTERY 5000 mAh","Rs. 33,499
Rs. 44,000-24%",No Brand,None,None,33499,,Xiaomi,redmi 10a
126,Xiaomi Redmi A 2 Plus RAM 3 GB ROM 64 GB Front Camera 5 MP Back Camera 8 MP Battery Type 5000 mAh,"Rs. 22,480
Rs. 23,000-2%",No Brand,None,None,22480,,Xiaomi,redmi a
127,Xiaomi Redmi 10A 4/128,"Rs. 43,000",Xiaomi Redmi,None,None,43000,,Xiaomi,redmi 10a
128,"Redmi 12C, 4GB RAM 128GB ROM , 50 MP Al Dual Camera , Finger Sensor , 5000 mAh Battery , Fast Charging","Rs. 27,999
Rs. 32,999-15%",No Brand,None,None,27999,,Redmi,redmi 12c
129,Xiaomi Redmi A1 Plus - 3GB RAM - 32GB ROM,"Rs. 25,999
Rs. 33,000-21%",No Brand,None,None,25999,,Xiaomi,redmi a1
130,"Xiaomi Redmi Note 12 RAM 6 GB ROM 128 Front Camera 13 MP Back Camera 50 MP + 8 MP + 2 MP Battery Type Li-Po 5000 mAh, non-removable","Rs. 51,890
Rs. 52,000-0.2%",No Brand,None,None,51890,,Xiaomi,redmi note 12
131,Redmi A1+ 2GB Ram + 32GB Rom,"Rs. 23,849",Redmi,"5.0
Excellent",10 ratings,23849,5,Redmi,redmi a1+
132,"Redmi Note 12 8GB Ram 128GB Rom, Display Size 6.67 Inches, Battery Capacity 5000 mAh , Fast charging 33W","Rs. 49,999
Rs. 68,999-28%",No Brand,"4.7
Excellent",11 ratings,49999,4.7,Redmi,redmi note 12
133,"Redmi Note 12S (8GB+256GB) 6.43"" 90Hz FHD+ Super AMOLED Display PTA Approved 1 Year Official Warranty","Rs. 73,999
Rs. 75,000-1%",No Brand,"5.0
Excellent",1 ratings,73999,5,Redmi,redmi note 12s
134,"Xiaomi Redmi Note 12S , 8GB RAM 256GB ROM , 108 MP Main Camera , Fingerprint , 5000mAh Battery","Rs. 75,999
Rs. 81,999-7%",No Brand,"5.0
Excellent",1 ratings,75999,5,Xiaomi,redmi note 12s
