ID,Name,Price,Brand,Rating,Total Ratings
1,Like New Phones - Used Apple iPhone X - Silver 256 GB - PTA Approved,"Rs. 106,999
Rs. 119,000-10%",Apple,"5.0
Excellent",1 ratings
2,Realme Narzo 50A Prime (4GB-128GB) PTA Approved With Official 1 Year Warranty,"Rs. 32,999",No Brand,None,None
3,Infinix Note 30 Pro 8-256 GB PTA Approved With Official 1 Year Warranty,"Rs. 64,499",No Brand,"4.7
Top Rated",146 ratings
4,Redmi Note 12 8 GB RAM + 128GB ROM PTA Approved Mobile Phone with 1 Year Brand Warranty,"Rs. 64,999",Xiaomi,None,None
5,vivo Y17s - 6GB RAM - 128GB ROM - 5000mAh Battery - 50+2 MP Camera - Helio G85 Processor,"Rs. 44,999",Vivo,None,None
6,Redmi A2+ - 3GB/64GB - Mediatek Helio G36 - Android 12- 5000 mAh Battery,"Rs. 24,999",Xiaomi,None,None
7,Samsung Galaxy A04s 4GB+128GB,"Rs. 48,999",Samsung,"4.7
Top Rated",272 ratings
8,"Infinix Note 30 8GB/128GB - Android 13 - 6.78"" Display - 5000 mAh Battery","Rs. 43,499",No Brand,None,None
9,Redmi note 12 8GB RAM -128GB ROM PTA APPROVED OFFICIAL WARRANTY SUPER FAST CHARGING,"Rs. 50,499
Rs. 51,999-3%",Redmi,None,None
10,Tecno SPARK 10 PRO 8GB RAM - 256GB ROM PTA APPROVED OFFICIAL BRAND WARRANTY,"Rs. 39,999",Tecno,None,None
11,Like New Phones - Used Apple iPhone SE 2nd Gen (2020) - White 64 GB - PTA Approved,"Rs. 70,999
Rs. 79,000-10%",Apple,None,None
12,Redmi 12C 4GB RAM + 128GB ROM PTA Approved Mobile Phone with 1 Year Brand Warranty,"Rs. 28,999
Rs. 49,999-42%",No Brand,None,None
13,Like New Phones - Used Apple iPhone X - Space Gray 256 GB - PTA Approved,"Rs. 106,999
Rs. 119,000-10%",Apple,None,None
14,"Infinix Hot 30 , 8GB RAM 128GB ROM , 50MP Main Camera , Fingerprint , 5000mAh Battery","Rs. 36,999
Rs. 48,699-24%",No Brand,"4.9
Top Rated",132 ratings
15,Honor X5 Dual SIM 2GB RAM 32GB 4G 1Year Official Warranty,"Rs. 21,499",Honor,"4.7
Top Rated",82 ratings
16,Samsung Galaxy A14 6GB+128GB,"Rs. 64,999",Samsung,None,None
17,Samsung Galaxy A24 8GB+128GB,"Rs. 79,999",Samsung,None,None
18,"Infinix Note 30 , 8GB RAM 256GB ROM , 64MP Main Camera , Fingerprint , 5000mAh Fast Charging","Rs. 47,499
Rs. 62,000-23%",No Brand,None,None
19,itel A60s 4GB RAM* +128GB ROM 6.6″ HD+ Display 5000mAh Battery PTA approved Official Brand Warranty,"Rs. 22,399
Rs. 22,999-3%",itel,"4.6
Top Rated",78 ratings
20,Redmi 12C 4GB RAM + 128GB ROM PTA Approved Mobile Phone with 1 Year Brand Warranty,"Rs. 33,999",Xiaomi,"4.7
Top Rated",195 ratings
21,Like New Phones - Used Apple iPhone X - Space Gray 64 GB - PTA Approved,"Rs. 97,999
Rs. 109,000-10%",Apple,None,None
22,Samsung Galaxy A14 4GB+128GB,"Rs. 62,999",Samsung,None,None
23,"Redmi 12C, 4GB RAM 128GB ROM , 50 MP Al Dual Camera , Finger Sensor , 5000 mAh Battery , Fast Charging","Rs. 29,999
Rs. 39,999-25%",No Brand,None,None
24,Samsung Galaxy A04 4GB - 64GB OFFICIAL PTA APPROVED OFFICIAL WARRANTY,"Rs. 29,999
Rs. 35,499-15%",No Brand,None,None
25,"Redmi 12C - 6.71"" Inch Display - 4GB RAM","Rs. 25,990",No Brand,"4.5
Top Rated",68 ratings
26,Samsung Galaxy A54 8GB+256GB,"Rs. 128,999
Rs. 140,999-9%",Samsung,None,None
27,"Infinix Note 30 , 8GB RAM 256GB ROM , 64MP Main Camera , Fingerprint , 5000mAh Fast Charging","Rs. 47,999
Rs. 59,999-20%",No Brand,None,None
28,Xiaomi 13T (12GB-256GB) PTA Approved With Official 1 Year Warranty,"Rs. 169,999",Xiaomi,None,None
29,TECNO CAMON 20 - 8GB+8GB RAM 256GB ROM - 5000 mAh Battery,"Rs. 47,000
Rs. 49,999-6%",No Brand,None,None
30,vivo V29e 5G - 8+8GB Extended RAM - 256GB ROM - 50MP AF Group Selfie - 120Hz Amoled Display,"Rs. 109,999",Vivo,"3.8
Good",16 ratings
31,"Tecno Camon 20 - 8GB/256GB - 64 MP Camera - 5000 mAH- Battery - 6.67""","Rs. 53,999",Tecno,None,None
32,Sparx neo 7 ultra 8GB RAM 128GB ROM || 50 MP dual camera || 5000mAh battery || PTA approved || 1 year brand warranty,"Rs. 31,499
Rs. 40,000-21%",No Brand,None,None
33,Redmi Note 12 Pro (8GB-256GB) PTA Approved With Official 1 Year Warranty,"Rs. 89,999",Xiaomi,None,None
34,itel A60s 6.6″ HD+ Display | 8+128GB Storage | HD+ display | 8MP Dual Rear Camera,"Rs. 22,749
Rs. 22,999-1%",itel,None,None
35,"Itel S23 - 6.6"" Inch Display - 8GB + 8GB RAM - 128GB / 256GB ROM","Rs. 27,999",No Brand,"4.6
Excellent",34 ratings
36,Redmi 12C || 4GB Ram 128GB Rom || 6.71 Inches IPS Display || 5000 mAh - Battery charging 10W wired,"Rs. 28,999
Rs. 36,999-22%",No Brand,None,None
37,Infinix Smart 7 - 64GB ROM - 4GB RAM - PTA APPROVED OFFICIAL WARRANTY,"Rs. 25,300
Rs. 25,999-3%",Infinix,None,None
38,Sparx Neo X || 4GB RAM 64GB ROM || 50MP +2MP Camera || 5000mAh Battery || PTA Approved || 1 Year Brand Warranty,"Rs. 24,999
Rs. 31,999-22%",No Brand,None,None
39,Like New Phones - Used Apple iPhone 8 - Gold 64 GB - PTA Approved,"Rs. 58,999
Rs. 66,000-11%",Apple,None,None
40,"Infinix Hot 30 8GB/128GB - Android 13 - 6.78"" Display - 5000 mAh Battery","Rs. 37,999",No Brand,None,None
41,"Xiaomi 13T Pro - 6.67"" Inch AMOLED Display - 12GB RAM - 512GB ROM","Rs. 238,499",No Brand,"4.0
Very Good",1 ratings
42,"Infinix Note 30 RAM 8GB+8GB & 256GB Storage 6.78"" FHD 5000mAh Mega Battery Pta Approved Official Warranty","Rs. 47,299
Rs. 49,999-5%",Infinix,None,None
43,"Oppo A57 - 5.2"" HD Display - 4GB RAM - 64GB ROM - Dual Sim - PTA Approved - Phone And Box Only (Charger, Accessories Not Included - Mix Color)","Rs. 13,999
Rs. 19,999-30%",No Brand,None,None
44,Like New Phones - Used Apple iPhone SE 2nd Gen (2020) - White 64 GB - PTA Approved,"Rs. 70,999
Rs. 79,000-10%",Apple,None,None
45,Like New Phones - Used Apple iPhone SE 2nd Gen (2020) - Black 64 GB - PTA Approved,"Rs. 70,999
Rs. 79,000-10%",Apple,"5.0
Excellent",1 ratings
